Total Payment|231663,6
1|1287,02|1287,02|230376,58
2|1287,02|2574,04|229089,56
3|1287,02|3861,06|227802,54
4|1287,02|5148,08|226515,52
5|1287,02|6435,1|225228,5
6|1287,02|7722,12|223941,48
7|1287,02|9009,14|222654,46
8|1287,02|10296,16|221367,44
9|1287,02|11583,18|220080,42
10|1287,02|12870,2|218793,4
11|1287,02|14157,22|217506,38
12|1287,02|15444,24|216219,36
13|1287,02|16731,26|214932,34
14|1287,02|18018,28|213645,32
15|1287,02|19305,3|212358,3
16|1287,02|20592,32|211071,28
17|1287,02|21879,34|209784,26
18|1287,02|23166,36|208497,24
19|1287,02|24453,38|207210,22
20|1287,02|25740,4|205923,2
21|1287,02|27027,42|204636,18
22|1287,02|28314,44|203349,16
23|1287,02|29601,46|202062,14
24|1287,02|30888,48|200775,12
25|1287,02|32175,5|199488,1
26|1287,02|33462,52|198201,08
27|1287,02|34749,54|196914,06
28|1287,02|36036,56|195627,04
29|1287,02|37323,58|194340,02
30|1287,02|38610,6|193053
31|1287,02|39897,62|191765,98
32|1287,02|41184,64|190478,96
33|1287,02|42471,66|189191,94
34|1287,02|43758,68|187904,92
35|1287,02|45045,7|186617,9
36|1287,02|46332,72|185330,88
37|1287,02|47619,74|184043,86
38|1287,02|48906,76|182756,84
39|1287,02|50193,78|181469,82
40|1287,02|51480,8|180182,8
41|1287,02|52767,82|178895,78
42|1287,02|54054,84|177608,76
43|1287,02|55341,86|176321,74
44|1287,02|56628,88|175034,72
45|1287,02|57915,9|173747,7
46|1287,02|59202,92|172460,68
47|1287,02|60489,94|171173,66
48|1287,02|61776,96|169886,64
49|1287,02|63063,98|168599,62
50|1287,02|64351|167312,6
51|1287,02|65638,02|166025,58
52|1287,02|66925,04|164738,56
53|1287,02|68212,06|163451,54
54|1287,02|69499,08|162164,52
55|1287,02|70786,1|160877,5
56|1287,02|72073,12|159590,48
57|1287,02|73360,14|158303,46
58|1287,02|74647,16|157016,44
59|1287,02|75934,18|155729,42
60|1287,02|77221,2|154442,4
61|1287,02|78508,22|153155,38
62|1287,02|79795,24|151868,36
63|1287,02|81082,26|150581,34
64|1287,02|82369,28|149294,32
65|1287,02|83656,3|148007,3
66|1287,02|84943,32|146720,28
67|1287,02|86230,34|145433,26
68|1287,02|87517,36|144146,24
69|1287,02|88804,38|142859,22
70|1287,02|90091,4|141572,2
71|1287,02|91378,42|140285,18
72|1287,02|92665,44|138998,16
73|1287,02|93952,46|137711,14
74|1287,02|95239,48|136424,12
75|1287,02|96526,5|135137,1
76|1287,02|97813,52|133850,08
77|1287,02|99100,54|132563,06
78|1287,02|100387,56|131276,04
79|1287,02|101674,58|129989,02
80|1287,02|102961,6|128702
81|1287,02|104248,62|127414,98
82|1287,02|105535,64|126127,96
83|1287,02|106822,66|124840,94
84|1287,02|108109,68|123553,92
85|1287,02|109396,7|122266,9
86|1287,02|110683,72|120979,88
87|1287,02|111970,74|119692,86
88|1287,02|113257,76|118405,84
89|1287,02|114544,78|117118,82
90|1287,02|115831,8|115831,8
91|1287,02|117118,82|114544,78
92|1287,02|118405,84|113257,76
93|1287,02|119692,86|111970,74
94|1287,02|120979,88|110683,72
95|1287,02|122266,9|109396,7
96|1287,02|123553,92|108109,68
97|1287,02|124840,94|106822,66
98|1287,02|126127,96|105535,64
99|1287,02|127414,98|104248,62
100|1287,02|128702|102961,6
101|1287,02|129989,02|101674,58
102|1287,02|131276,04|100387,56
103|1287,02|132563,06|99100,54
104|1287,02|133850,08|97813,52
105|1287,02|135137,1|96526,5
106|1287,02|136424,12|95239,48
107|1287,02|137711,14|93952,46
108|1287,02|138998,16|92665,44
109|1287,02|140285,18|91378,42
110|1287,02|141572,2|90091,4
111|1287,02|142859,22|88804,38
112|1287,02|144146,24|87517,36
113|1287,02|145433,26|86230,34
114|1287,02|146720,28|84943,32
115|1287,02|148007,3|83656,3
116|1287,02|149294,32|82369,28
117|1287,02|150581,34|81082,26
118|1287,02|151868,36|79795,24
119|1287,02|153155,38|78508,22
120|1287,02|154442,4|77221,2
121|1287,02|155729,42|75934,18
122|1287,02|157016,44|74647,16
123|1287,02|158303,46|73360,14
124|1287,02|159590,48|72073,12
125|1287,02|160877,5|70786,1
126|1287,02|162164,52|69499,08
127|1287,02|163451,54|68212,06
128|1287,02|164738,56|66925,04
129|1287,02|166025,58|65638,02
130|1287,02|167312,6|64351
131|1287,02|168599,62|63063,98
132|1287,02|169886,64|61776,96
133|1287,02|171173,66|60489,94
134|1287,02|172460,68|59202,92
135|1287,02|173747,7|57915,9
136|1287,02|175034,72|56628,88
137|1287,02|176321,74|55341,86
138|1287,02|177608,76|54054,84
139|1287,02|178895,78|52767,82
140|1287,02|180182,8|51480,8
141|1287,02|181469,82|50193,78
142|1287,02|182756,84|48906,76
143|1287,02|184043,86|47619,74
144|1287,02|185330,88|46332,72
145|1287,02|186617,9|45045,7
146|1287,02|187904,92|43758,68
147|1287,02|189191,94|42471,66
148|1287,02|190478,96|41184,64
149|1287,02|191765,98|39897,62
150|1287,02|193053|38610,6
151|1287,02|194340,02|37323,58
152|1287,02|195627,04|36036,56
153|1287,02|196914,06|34749,54
154|1287,02|198201,08|33462,52
155|1287,02|199488,1|32175,5
156|1287,02|200775,12|30888,48
157|1287,02|202062,14|29601,46
158|1287,02|203349,16|28314,44
159|1287,02|204636,18|27027,42
160|1287,02|205923,2|25740,4
161|1287,02|207210,22|24453,38
162|1287,02|208497,24|23166,36
163|1287,02|209784,26|21879,34
164|1287,02|211071,28|20592,32
165|1287,02|212358,3|19305,3
166|1287,02|213645,32|18018,28
167|1287,02|214932,34|16731,26
168|1287,02|216219,36|15444,24
169|1287,02|217506,38|14157,22
170|1287,02|218793,4|12870,2
171|1287,02|220080,42|11583,18
172|1287,02|221367,44|10296,16
173|1287,02|222654,46|9009,14
174|1287,02|223941,48|7722,12
175|1287,02|225228,5|6435,1
176|1287,02|226515,52|5148,08
177|1287,02|227802,54|3861,06
178|1287,02|229089,56|2574,04
179|1287,02|230376,58|1287,02
180|1287,02|231663,6|0
